audio_ID,sentence
audio_3c2f423a,
audio_ca8009ec,
audio_fffcdb86,
audio_0e3e8e6f,
audio_859b792d,
audio_5cf83482,
audio_7ab7add5,
audio_309b1738,
audio_a235a4f3,
audio_621dafc0,
audio_2945ebc3,
audio_fc3d8140,
audio_912c627e,
audio_fe27b4a0,
audio_5a78fc70,
audio_6db56ed2,
audio_985cfa1b,
audio_9838fd8e,
audio_dae9da59,
audio_852cc6cf,
audio_726a1c0d,
audio_2a21fc8e,
audio_1b61bd99,
audio_16a24136,
audio_4e985303,
audio_e19f4b8a,
audio_d0b45a33,
audio_f7acc6fc,
audio_654ff205,
audio_42b2d545,
audio_31d59573,
audio_a1be3007,
audio_c49da47f,
audio_4c50e7dd,
audio_9acf26a6,
audio_0be15ffd,
audio_b1a068b7,
audio_339d7b7b,
audio_cbfcbed7,
audio_a13f7ebc,
audio_059e6b0e,
audio_e9e85090,
audio_1149e41b,
audio_330f4727,
audio_f6a453c1,
audio_6fa74d5d,
audio_2b393184,
audio_ca903dc1,
audio_1d55ee0d,
audio_9f07b3b4,
audio_b2b196e8,
audio_843a53df,
audio_b2d8d86d,
audio_8b62b12b,
audio_8a49937b,
audio_a5d474bd,
audio_b670b95e,
audio_e9f0200f,
audio_063c2e8e,
audio_61ba6e0f,
audio_dc892fa9,
audio_8a753704,
audio_5332fa51,
audio_713cdbcc,
audio_55a689b4,
audio_8eabbd27,
audio_d9be05c0,
audio_f824e643,
audio_a65e3289,
audio_fc5dafef,
audio_e81d85b0,
audio_6e9009d9,
audio_d1536833,
audio_d948c1c1,
audio_e4b8f0ab,
audio_58dd9257,
audio_0fadea83,
audio_6c71fa97,
audio_2072495a,
audio_baca925d,
audio_f0de94bb,
audio_ac6c9c91,
audio_b87fe44a,
audio_6219ccfb,
audio_0bd08a13,
audio_1c24d14e,
audio_0761dcfe,
audio_1ff932fd,
audio_613b2a40,
audio_e3180b66,
audio_b0b60665,
audio_2b7ea416,
audio_5724c677,
audio_42acd94c,
audio_1eae38a0,
audio_331c93c1,
audio_fc7ce295,
audio_1451d1cf,
audio_1f941003,
audio_3925a30d,
audio_60942c17,
audio_b1645652,
audio_a2f03435,
audio_3797ca83,
audio_0b94e13e,
audio_13f28587,
audio_1ed5b266,
audio_8bb2cb79,
audio_dc03091e,
audio_d0290e44,
audio_0c8b107a,
audio_def8444c,
audio_b10c0481,
audio_66dee72a,
audio_792282e2,
audio_9a7161a0,
audio_4995155f,
audio_25c1d15d,
audio_f2749131,
audio_2cf61a3f,
audio_ee8d8429,
audio_7cae9ea5,
audio_5cbc7629,
audio_d45b6d3a,
audio_8fc34577,
audio_90edc070,
audio_4c9b644e,
audio_571151b5,
audio_6bed7d6b,
audio_656e13b3,
audio_5c61034a,
audio_4d666c06,
audio_6c2e4e37,
audio_0c549ca8,
audio_e7171a57,
audio_bb75ee11,
audio_041ad0b2,
audio_a12d0888,
audio_e0b3577b,
audio_6d6473c1,
audio_53db7713,
audio_540e4119,
audio_bdbd543d,
audio_e640f878,
audio_9325b501,
audio_aac630be,
audio_163e338d,
audio_2fd941d2,
audio_43f8fe7c,
audio_0bbea9ff,
audio_7924ffbb,
audio_532b2646,
audio_09a090d1,
audio_510faec4,
audio_160a1ce8,
audio_e29c73dc,
audio_2da23260,
audio_35371a99,
audio_8ba8ad59,
audio_2b86f1c2,
audio_e7a0553e,
audio_0191f2bd,
audio_808cbdf5,
audio_9b2e98e8,
audio_4a19c00c,
audio_4b5feed3,
audio_002115d5,
audio_3bad9636,
audio_e7467d58,
audio_81e98faf,
audio_52d4fc4e,
audio_f3dcb55c,
audio_d4e98f09,
audio_df69df5a,
audio_b4d2e985,
audio_9f8ee45f,
audio_7563bda6,
audio_3f6fe186,
audio_478c7e16,
audio_fc9205d7,
audio_961ad97e,
audio_18c3cf56,
audio_dd8fef12,
audio_0baddf19,
audio_c4cace71,
audio_912855a7,
audio_9e3630bc,
audio_2688e1a6,
audio_cb8639b3,
audio_5fb604f5,
audio_60797ac7,
audio_5d78b569,
audio_9ca0ee32,
audio_88f7d980,
audio_f42f5845,
audio_c6ded697,
audio_f13870c6,
audio_86ea5548,
audio_aa92df40,
audio_933821bd,
audio_917a661c,
audio_bdc785ee,
audio_d19d3fbf,
audio_ecd53e26,
audio_3d68ca42,
audio_3ff13e74,
audio_e3bfa596,
audio_4617f73d,
audio_d2b23e93,
audio_7a1a9ea0,
audio_2b9bb72c,
audio_3964e8f9,
audio_ba775410,
audio_5e2a905a,
audio_7f7064a0,
audio_2bce4870,
audio_9b43b7c7,
audio_faf3cb57,
audio_4ead1c7b,
audio_5fcf7108,
audio_ad1c144f,
audio_e7bee87d,
audio_80e9c463,
audio_2c02b87a,
audio_90eac352,
audio_bb24089a,
audio_2662bccd,
audio_c1e85103,
audio_6a63ad90,
audio_32db8e68,
audio_02d599a8,
audio_7be626a9,
audio_2064b7f3,
audio_56d9bb13,
audio_6f8ccf30,
audio_b1778ff1,
audio_d9e2b876,
audio_cbb8b71c,
audio_9fce41a1,
audio_ea5dd618,
audio_733f5ae3,
audio_be5ec391,
audio_4bd55d37,
audio_25f89a0e,
audio_97c826b8,
audio_083e32f0,
audio_753fa480,
audio_f03fd607,
audio_2f0388e6,
audio_3cb8d82f,
audio_fde45c86,
audio_427c237c,
audio_0cfaabd2,
audio_df690edf,
audio_886252e6,
audio_2d1de88d,
audio_b71057db,
audio_f0d6b157,
audio_fad4e2d0,
audio_c2040402,
audio_2365cb01,
audio_2d436aec,
audio_73175669,
audio_0ff9ccef,
audio_5ba24620,
audio_bd0c0b73,
audio_0b13576c,
audio_c8f7c415,
audio_65ebd3da,
audio_40b4df5f,
audio_c39a938b,
audio_51e38c88,
audio_17bd4cf6,
audio_03585f54,
audio_8e47fc53,
audio_816be61b,
audio_4d527b9a,
audio_4c2a4df2,
audio_847e943d,
audio_7109fe38,
audio_29132b5f,
audio_491c0c83,
audio_5da599f2,
audio_ba00395e,
audio_dbcf733e,
audio_d2e1eaca,
audio_cfb5d7c7,
audio_79af6746,
audio_4bb1ac09,
audio_516a9fbf,
audio_9b223af6,
audio_13a2b1f5,
audio_dd5a7129,
audio_b9ea135c,
audio_80f76429,
audio_152ba7ee,
audio_8170409b,
audio_21b5fa96,
audio_e02fffcc,
audio_0fbd67cd,
audio_e4f0e0fc,
audio_a06891b3,
audio_bbb5b2c7,
audio_d4a726fa,
audio_595b2515,
audio_50dbcc38,
audio_8a7288fb,
audio_1b0102d3,
audio_647e2be9,
audio_39bbcb46,
audio_fb4f2072,
audio_131125a4,
audio_a4b90543,
audio_6fd661b1,
audio_e55c3240,
audio_8af5d328,
audio_4cdc4cdb,
audio_bc72eebc,
audio_1a7677dd,
audio_74217c29,
audio_57239589,
audio_0b90f0e4,
audio_983aba23,
audio_3ea24acc,
audio_e0ed1214,
audio_2b9cff26,
audio_661b82ff,
audio_a64922f2,
audio_103e96b1,
audio_5a80c6e4,
audio_470b02fe,
audio_1f8223da,
audio_ab910f54,
audio_17b5d513,
audio_f5b8d854,
audio_f517f63b,
audio_0dfb32e0,
audio_a23903b4,
audio_d31b0919,
audio_5208dee9,
audio_d985178f,
audio_2909694e,
audio_618bed72,
audio_9e6ac7a8,
audio_115485ea,
audio_13490ac7,
audio_91dc626d,
audio_0d6de129,
audio_eb40fb67,
audio_114088d5,
audio_f8b02d90,
audio_9bbc6432,
audio_3fa7573e,
audio_b70a8181,
audio_528297a2,
audio_e699fca2,
audio_a323f241,
audio_c4d92177,
audio_a072d483,
audio_65dfdb0a,
audio_8d011528,
audio_0c6473d6,
audio_1486fde5,
audio_45e25f88,
audio_2836ece7,
audio_28c7d3fa,
audio_6f3b0c45,
audio_c5df53de,
audio_e676797e,
audio_2eacb0c4,
audio_41f9d34e,
audio_0ff0c602,
audio_b9a1d325,
audio_2724dff6,
audio_0aa88b8e,
audio_d47b5a8b,
audio_53d979a4,
audio_c4f9e3ec,
audio_e61144fe,
audio_1a0464e0,
audio_3ea6e6ea,
audio_30b54a44,
audio_5f279f27,
audio_2b9c8ee2,
audio_f3e0e4bf,
audio_30f13850,
audio_af6939eb,
audio_1f497b10,
audio_3b1f4f2b,
audio_c0117ee8,
audio_a71f5bec,
audio_effcc428,
audio_cf935c94,
audio_97d8be9f,
audio_fda932fd,
audio_63408080,
audio_77b68244,
audio_792e5378,
audio_29eb867a,
audio_6ba7b58f,
audio_07f01e5e,
audio_a00a8cc4,
audio_b98a1c45,
audio_d051c469,
audio_f1a88f42,
audio_14f32c7e,
audio_6cd2b737,
audio_addb1633,
audio_01da78af,
audio_9dc94c93,
audio_34f7d571,
audio_1cf1911a,
audio_748f35d3,
audio_e0168437,
audio_76de513c,
audio_1aa2b7ed,
audio_35fefa09,
audio_b926667f,
audio_858a7da8,
audio_6f4a80eb,
audio_5481f058,
audio_3caba7a1,
audio_c69d8aa6,
audio_0d8d93a1,
audio_21bd8b08,
audio_cf8d30f1,
audio_97cb282f,
audio_c988f63b,
audio_9ae9d63a,
audio_7010cd8d,
audio_fd0748d7,
audio_80b8c05d,
audio_28be26f4,
audio_775a2ea0,
audio_16f6f5ec,
audio_f82818fe,
audio_427975c1,
audio_244fcbe2,
audio_d24493ea,
audio_947c86e5,
audio_7bb15675,
audio_71fc96d0,
audio_33119679,
audio_d15dbfcc,
audio_d02f3756,
audio_91dd9925,
audio_7e5712cd,
audio_81d1f112,
audio_fbfe520c,
audio_0c6edb9e,
audio_321384a4,
audio_8e4bb605,
audio_655d206d,
audio_d2f7662d,
audio_692e36b2,
audio_341a1537,
audio_c76eec45,
audio_071d4d5a,
audio_93f8c3ae,
audio_c6ce1713,
audio_42570d26,
audio_ce5f5644,
audio_e6146ef4,
audio_2415a659,
audio_6d55457e,
audio_b818a380,
audio_9c8ceca5,
audio_101b88c0,
audio_bde76708,
audio_5fd48a36,
audio_090dd9fd,
audio_ef1be018,
audio_986e5816,
audio_4203ff09,
audio_9f169029,
audio_0c4fe1d1,
audio_580bc4b6,
audio_26f6cc4c,
audio_97ae29a9,
audio_7e1535e6,
audio_cdd8c1e7,
audio_6a7ab556,
audio_ec10bc0a,
audio_4f7face7,
audio_52445183,
audio_df4e56c1,
audio_4d69e583,
audio_5ef228d7,
audio_54c2fd6b,
audio_c77ebd0c,
audio_3f41620e,
audio_378f1dd2,
audio_36ddf196,
audio_789daa22,
audio_eaa312fe,
audio_e2ad0c99,
audio_a8f8c95e,
audio_f275bec3,
audio_3f59405d,
audio_1a977c68,
audio_4968b36a,
audio_57562035,
audio_7825f059,
audio_15cbdf0a,
audio_666a3901,
audio_f875adf7,
audio_74863866,
audio_7755b075,
audio_8eef6eb9,
audio_1ae44753,
audio_31985e82,
audio_63bb36f3,
audio_21b0b778,
audio_0ccc97fa,
audio_a6a5c854,
audio_1eda2cd8,
audio_8134e4ec,
audio_cf63d9b9,
audio_5a5cd4b3,
audio_3728043a,
audio_3d87b1d2,
audio_9d6ad376,
audio_68ec6694,
audio_991b73f5,
audio_2b9292e2,
audio_afe85de6,
audio_975af7ef,
audio_25c4c299,
audio_52b94fd7,
audio_d80e0bf0,
audio_70890208,
audio_f40a2f9d,
audio_44884916,
audio_e480ee5d,
audio_22a6da30,
audio_d16ab27a,
audio_8568664f,
audio_980f5100,
audio_91b57256,
audio_3d2615e8,
audio_2f0905e2,
audio_e982c47a,
audio_297607db,
audio_c7440dc0,
audio_e79a9db3,
audio_18c4829d,
audio_46fcd637,
audio_10b70806,
audio_ce25e990,
audio_87cb939e,
audio_b36c3de7,
audio_a770ad8e,
audio_c8dacdc5,
audio_c04a09cc,
audio_07397bfe,
audio_eae28f72,
audio_5a17c688,
audio_45c850d4,
audio_75115e9a,
audio_0207f703,
audio_dd0ace14,
audio_f08cbc19,
audio_7049890a,
audio_4dc54c66,
audio_6e56341e,
audio_89bfdf35,
audio_c502e8bc,
audio_d72cea98,
audio_acd3ebcc,
audio_844b80b6,
audio_b2527444,
audio_4d9b3f52,
audio_18b4c038,
audio_1e46f5e9,
audio_60003024,
audio_7c0501d3,
audio_06d0349e,
audio_1f364d0d,
audio_87419bd4,
audio_93e39b7f,
audio_1ec35443,
audio_11c78774,
audio_87c986b1,
audio_961ae48f,
audio_e6feafae,
audio_214cdff2,
audio_1a160736,
audio_798d7522,
audio_db9b2b9f,
audio_27311f36,
audio_8cd431b9,
audio_c3902ef5,
audio_88062ea2,
audio_0589a917,
audio_e336a6a2,
audio_4bfd5aa5,
audio_7404046c,
audio_cf1abdd4,
audio_110834e5,
audio_b3d7ceb2,
audio_323c80f1,
audio_42d47d9e,
audio_bd78ec01,
audio_15edaf67,
audio_30f299e6,
audio_55bed64c,
audio_35bcb19d,
audio_90b5d304,
audio_2ce09198,
audio_1580f960,
audio_48e2d366,
audio_03b984b6,
audio_d9c62a8b,
audio_2f12598b,
audio_9130184e,
audio_a4671cd9,
audio_7541616a,
audio_63c8daa0,
audio_e0ac6621,
audio_1a11e70d,
audio_60c49b38,
audio_b1daf1b4,
audio_b5fb1068,
audio_1663be12,
audio_2f453189,
audio_05f74ad0,
audio_76ca0af4,
audio_372e2bbd,
audio_44a86910,
audio_fb8c7384,
audio_9309d552,
audio_60c3747d,
audio_a86c0030,
audio_06ce6b53,
audio_62a5808d,
audio_d941eca9,
audio_25a3b020,
audio_f4c37c04,
audio_2e10fc94,
audio_2dda5992,
audio_2321cf72,
audio_a67deec7,
audio_dc0cc903,
audio_8c6aaa69,
audio_bb6edc09,
audio_be478750,
audio_e1e41214,
audio_7fac1c85,
audio_219dc371,
audio_5295b1be,
audio_6d08950f,
audio_c7a61646,
audio_af04b36b,
audio_45ad8e7f,
audio_eaaad51d,
audio_3d874f2f,
audio_fe9fc8c1,
audio_b3f0158f,
audio_3237b234,
audio_3f3fe707,
audio_5722f2d7,
audio_189258d4,
audio_68d96bf6,
audio_14dd540f,
audio_03085ff7,
audio_43cf1ac4,
audio_2eeb8b28,
audio_92b88f61,
audio_d33060fb,
audio_60a39245,
audio_737eed4f,
audio_f3187506,
audio_d7cba46b,
audio_e866d387,
audio_598dacbf,
audio_17261ff9,
audio_7faabf6c,
audio_11425c77,
audio_793f55a3,
audio_80d85d9a,
audio_0eeafb81,
audio_e27eea6b,
audio_fee3f212,
audio_de7a2043,
audio_a447c61f,
audio_2e861770,
audio_d7ac0d5a,
audio_54368b6d,
audio_d647b197,
audio_89c32219,
audio_1798591b,
audio_ee23db33,
audio_45eee264,
audio_c49e84f3,
audio_acbffe5f,
audio_ce5bb944,
audio_10c760d8,
audio_94ce8f1c,
audio_2a4287a8,
audio_a0408ae0,
audio_9de357ef,
audio_0b25e78d,
audio_712bdf27,
audio_32783d2e,
audio_f57713c8,
audio_ea2f3001,
audio_aa22ab32,
audio_ab9b39e1,
audio_a0626f5a,
audio_a4bfbb6e,
audio_fd2b22e7,
audio_8d535934,
audio_43ca989a,
audio_65677d98,
audio_9d439988,
audio_1830803b,
audio_3d945898,
audio_453b3547,
audio_9e66b369,
audio_537d1818,
audio_2eae0e74,
audio_83265587,
audio_f9be3e5e,
audio_c468691a,
audio_8f8ae961,
audio_48d0d0dd,
audio_abf817d6,
audio_c45296f1,
audio_14db8c67,
audio_e72d0cba,
audio_da92006a,
audio_1b391873,
audio_8614aec5,
audio_7209f543,
audio_cc38b9cd,
audio_da0276ac,
audio_009d2672,
audio_3cc47d03,
audio_57de1fe9,
audio_56b0e80a,
audio_58d3fce8,
audio_3e282b35,
audio_45b1e7ca,
audio_0ae67ebc,
audio_3c12f9e2,
audio_3dc59c12,
audio_341e9f1c,
audio_380d54b4,
audio_72a0e536,
audio_8727affe,
audio_79b94001,
audio_698652b0,
audio_3f756e51,
audio_77974ce6,
audio_16d3ab11,
audio_7189551e,
audio_f39b151e,
audio_17e0d3a5,
audio_6f0d0deb,
audio_78569f7f,
audio_d2b1dd7d,
audio_9615ac14,
audio_1e660b94,
audio_75ebcf69,
audio_c03952d4,
audio_e0a12c65,
audio_1f56a6f6,
audio_7309bfd9,
audio_aa281aef,
audio_62a0b7c4,
audio_dfb0661b,
audio_83f40f1d,
audio_cca9ba29,
audio_077265fd,
audio_393aabda,
audio_b10c3ae4,
audio_b0a280e6,
audio_ed9fafd7,
audio_347a8498,
audio_19255b60,
audio_625bf7ae,
audio_050bec62,
audio_b93f96d8,
audio_63fb3393,
audio_97509e47,
audio_d570fbbb,
audio_4b58e154,
audio_1d870090,
audio_34fae869,
audio_683edd2b,
audio_d003ff0a,
audio_a698428c,
audio_ce6c03d6,
audio_f89a06d8,
audio_6ff7581e,
audio_ad858ec7,
audio_2b60f1c1,
audio_f62efc81,
audio_5bff37ac,
audio_e5d2596e,
audio_4452c76d,
audio_54dd2bd0,
audio_7c21b33e,
audio_3d1a4215,
audio_c15c8d93,
audio_656b3468,
audio_2d13f1f1,
audio_d3511517,
audio_dca48961,
audio_cde199a7,
audio_fcfc16c6,
audio_c0174d74,
audio_6d4030e8,
audio_f9e07556,
audio_89d709f7,
audio_25c8d454,
audio_aaf4f2b3,
audio_e69c7282,
audio_74a12674,
audio_691b0ba0,
audio_6c602e33,
audio_4da5d87a,
audio_c8b9713d,
audio_359a204d,
audio_d262c7dd,
audio_f9b1c28b,
audio_2624b6cc,
audio_821dd0d5,
audio_043221a6,
audio_69b1a627,
audio_745261cc,
audio_f8f3a10c,
audio_b12177aa,
audio_34a7b7a1,
audio_df13b223,
audio_9fbea70a,
audio_eb194835,
audio_865d4f62,
audio_a121e05c,
audio_0708eac2,
audio_edf0ac84,
audio_f080fbdb,
audio_22a02d1a,
audio_c7ffece6,
audio_7f045c2a,
audio_ba1e552e,
audio_6e887802,
audio_27482f1a,
audio_687fe746,
audio_60b430a0,
audio_7ec5ff3c,
audio_8bc52b6f,
audio_35928ef7,
audio_74f05db0,
audio_9a7487e9,
audio_3f96fa09,
audio_9c8a5fc8,
audio_7e0ccb3f,
audio_67a321ac,
audio_132c64bf,
audio_3db5931a,
audio_8c8593ea,
audio_495ef285,
audio_d9c3431a,
audio_acad1446,
audio_b9669059,
audio_996b90f4,
audio_242a9a2d,
audio_cb43a8d5,
audio_3f5d1ffe,
audio_9f0e2ebe,
audio_0865f337,
audio_fcf9f758,
audio_9bae0a39,
audio_371cd48e,
audio_e0e1d61b,
audio_b6777be3,
audio_d970feae,
audio_b5932def,
audio_de23fe53,
audio_0e74b940,
audio_7b6f3677,
audio_046a439c,
audio_f4549a3f,
audio_896ef693,
audio_7bf34915,
audio_89eef961,
audio_7a2cd5c4,
audio_f8812083,
audio_c151f28b,
audio_6202fa00,
audio_fbb20ec6,
audio_d7051255,
audio_4517f5e0,
audio_4782c7aa,
audio_92b50517,
audio_20eeb4c3,
audio_b3106abf,
audio_85d3df90,
audio_6789a4af,
audio_6c25b214,
audio_fd59b256,
audio_2eaa2dd3,
audio_1460aad6,
audio_957486e0,
audio_d024c74f,
audio_0fcaad0a,
audio_f7d97082,
audio_f9e290d9,
audio_7dbc88a5,
audio_360da877,
audio_f896984f,
audio_858837c3,
audio_cf0005f1,
audio_bd005419,
audio_f62981c4,
audio_d6575829,
audio_e8d20005,
audio_584fdb2c,
audio_3471d9a4,
audio_1486653e,
audio_58f7b0fc,
audio_df7ec556,
audio_f18ec557,
audio_317ccac1,
audio_a74ed2d9,
audio_a1e385fc,
audio_f4a936a7,
audio_7d10e989,
audio_25fabe4d,
audio_bfb44b8d,
audio_f4de3b9d,
audio_8e98cc0a,
audio_a94bcdca,
audio_2106be67,
audio_165977f0,
audio_804d8237,
audio_891da1d1,
audio_394a4118,
audio_9fac7baf,
audio_a2761c1e,
audio_23052a2e,
audio_8b601b78,
audio_660f5e1b,
audio_f5790f5d,
audio_dcc0e508,
audio_664a05df,
audio_4077e099,
audio_4b9b9e5f,
audio_1ec6b90f,
audio_bc201bf8,
audio_f30a83bf,
audio_92599bca,
audio_50bbe7d6,
audio_d192bd13,
audio_48ce0aaa,
audio_1ac4dd5b,
audio_f6a97b9a,
audio_7cd8db20,
audio_af8b40db,
audio_04fb93e5,
audio_5bf6d83a,
audio_3b791d0c,
audio_5135a774,
audio_5366b517,
audio_a66a9929,
audio_ff219553,
audio_ead9e13b,
audio_36191c07,
audio_fd87cd5d,
audio_659cae92,
audio_f6d56c55,
audio_eb893149,
audio_30f0f827,
audio_c2ccd432,
audio_91eb73e6,
audio_3cc1b807,
audio_c7b79ff7,
audio_b7542a27,
audio_73354631,
audio_300c56c4,
audio_6a67900b,
audio_54e727b7,
audio_011217e3,
audio_2aa781d3,
audio_23eb1add,
audio_49d8b5ae,
audio_be39eb0d,
audio_898ae4d6,
audio_ad261dfc,
audio_14863ddc,
audio_bf240fe3,
audio_20914238,
audio_85068d92,
audio_22badcea,
audio_96a6eef8,
audio_02cd916b,
audio_f0912df8,
audio_07918e10,
audio_49159514,
audio_ac87fdde,
audio_848fa6b7,
audio_867c68f8,
audio_a8df9799,
audio_33329f9f,
audio_35793806,
audio_8c44bdd8,
audio_0e44c35d,
audio_e50527cb,
audio_787f6f28,
audio_8cd16be6,
audio_5d98acaf,
audio_44489f17,
audio_2864faf5,
audio_4a93a285,
audio_4467ce35,
audio_36862385,
audio_02fff87b,
audio_83cb153a,
audio_05c3515c,
audio_c1dd7b0a,
audio_d4a78c3b,
audio_0e3d8908,
audio_1de01d38,
audio_c3a94375,
audio_5e7f13e8,
audio_3b98f3b8,
audio_29601ee9,
audio_a530c1cb,
audio_cd8f6899,
audio_632cdd1f,
audio_7028a168,
audio_668ea052,
audio_00bc5be7,
audio_4571bb89,
audio_3d8bf9eb,
audio_649780de,
audio_d638530e,
audio_a42cb3ce,
audio_f6b7965b,
audio_c452fa68,
audio_82f2d10e,
audio_a1a0c6f8,
audio_fa5a252c,
audio_148923da,
audio_0ea70e7d,
audio_2dbbb285,
audio_2c096f25,
audio_c7a3f136,
audio_8dc89f7d,
audio_f2cb97be,
audio_098534f7,
audio_770ab335,
audio_1f095c09,
audio_441c63ae,
audio_9628d058,
audio_47549f22,
audio_a7492379,
audio_a56295dd,
audio_fc0d7627,
audio_8d285247,
audio_fe32f60b,
audio_464ae401,
audio_d2dd8025,
audio_55465c05,
audio_9bc127f7,
audio_134c96b4,
audio_c1e9effe,
audio_f1ec17d5,
audio_19b97e16,
audio_6d05323f,
audio_7b48bacd,
audio_70162e04,
audio_783c330e,
audio_c4096900,
audio_ea9dba07,
audio_e7c60dfb,
audio_059ca821,
audio_34631ff5,
audio_1ae66e03,
audio_c9204e9b,
audio_a4ad46b3,
audio_c5575f0f,
audio_0b4cb015,
audio_be4e5650,
audio_6c35b892,
audio_12cf8983,
audio_a326d9c4,
audio_a5a4f786,
audio_3c59d8b9,
audio_88adddf0,
audio_086b15cf,
audio_6fc0729c,
audio_64b71391,
audio_da3783f9,
audio_72e5cc89,
audio_0e0ec0cb,
audio_e2c25c34,
audio_5ac350a0,
audio_e7c9ff75,
audio_a53a51d5,
audio_bcd316b3,
audio_525645da,
audio_162bd024,
audio_e5cd2be7,
audio_dcd8afaf,
audio_36c79062,
audio_df69bef8,
audio_9f1da2cc,
audio_2b549edd,
audio_0be8aff5,
audio_2147852b,
audio_bd7070a6,
audio_08ef4b04,
audio_83a7e7b6,
audio_e42e6fda,
audio_7314e5c0,
audio_b8a49f76,
audio_948de0e3,
audio_db19825a,
audio_e72e1fa3,
audio_a9c44762,
audio_d578040f,
audio_083b1c4e,
audio_b5e33cb6,
audio_86e17d9b,
audio_87ac93f7,
audio_3a1aab04,
audio_0f432b08,
audio_4c0521ff,
audio_343398b6,
audio_b58d0d24,
audio_81b6c09e,
audio_f004e58d,
audio_0b9dc5fe,
audio_251d8ea2,
audio_ad28b17a,
audio_c293540d,
audio_cac8b046,
audio_026e4807,
audio_b9ec6b71,
audio_c3b0222d,
audio_dc9153ae,
audio_0f5c5f58,
audio_e66c4d96,
audio_38e2a779,
audio_8d458751,
audio_f712576b,
audio_6d17649a,
audio_c9cf5a15,
audio_0179eeb6,
audio_239a94cb,
audio_c89530ab,
audio_4163f4c9,
audio_84ef4745,
audio_559a7249,
audio_35c5d5e7,
audio_f8045469,
audio_5ecdd883,
audio_c0896d4b,
audio_f889f568,
audio_5e54c17b,
audio_d5918713,
audio_23930222,
audio_d3da4ed8,
audio_dabb0734,
audio_cf8b5856,
audio_4e903f41,
audio_3fcb3fce,
audio_7a5b04a3,
audio_48d92f53,
audio_59da9645,
audio_42a76fdd,
audio_0f11e58b,
audio_da75c404,
audio_f7a8dc82,
audio_b0520166,
audio_ca2bb3c7,
audio_861b2996,
audio_aa2a7699,
audio_2fb51c42,
audio_0bc5ca38,
audio_d89f023d,
audio_69209402,
audio_08483c3d,
audio_cfb92d82,
audio_728d3ea0,
audio_5cdf77c1,
audio_087c754b,
audio_ab5c3477,
audio_8f922220,
audio_d0d1c10d,
audio_3d069782,
audio_d51dca45,
audio_102b48af,
audio_bf9649f9,
audio_c271e33d,
audio_ed20634a,
audio_349e0cb7,
audio_f8671d8e,
audio_3ee6782c,
audio_bc17d998,
audio_16adaf0f,
audio_35c1dc81,
audio_0235a1cf,
audio_812f37c2,
audio_b4291f35,
audio_7ad3be80,
audio_d0e32221,
audio_e811ec38,
audio_3dd35d12,
audio_305bfe72,
audio_e66b6a82,
audio_1da48e32,
audio_045b099d,
audio_dddecf19,
audio_9154a91f,
audio_5f222c50,
audio_db6bd305,
audio_45ea1793,
audio_bca21caa,
audio_4958df3f,
audio_efd95a4e,
audio_cbad77f9,
audio_34c7b93e,
audio_56e9ed08,
audio_90408ef2,
audio_b5b56378,
audio_dfa485c0,
audio_cf57640e,
audio_42920d2f,
audio_bb72a8d9,
audio_4a6f6c4f,
audio_ba6046fa,
audio_4407d271,
audio_93987994,
audio_7d8c16e9,
audio_13bbce76,
audio_548701c1,
audio_fc3dd73b,
audio_553caf98,
audio_9e08a917,
audio_5e1ef265,
audio_2741e8d5,
audio_63b89121,
audio_a6e7a4b0,
audio_bf7d63a3,
audio_1f5e0cac,
audio_b6df8a14,
audio_a603858c,
audio_62feb2db,
audio_a30b354d,
audio_d57505d9,
audio_00b84616,
audio_ebf875ef,
audio_ae52da74,
audio_c8f99ec5,
audio_bce8b3ed,
audio_52f49eb7,
audio_17fbba19,
audio_871fae3c,
audio_20b5baa5,
audio_b41c4476,
audio_2ce54a7f,
audio_0567fc9c,
audio_707f300d,
audio_967c7104,
audio_4e0e691b,
audio_f22243d1,
audio_228ac561,
audio_2cf427e2,
audio_59231d8a,
audio_27578e20,
audio_9371d6c2,
audio_f0db8166,
audio_4a2768c1,
audio_5d1bb946,
audio_3a56473f,
audio_699053ef,
audio_9bd0ecda,
audio_56913b91,
audio_7f8afb66,
audio_39daf3c2,
audio_a3dae72f,
audio_48312cb2,
audio_8beec9c2,
audio_9ec032fb,
audio_14b0d824,
audio_b82cf741,
audio_82fdba09,
audio_7dc5f5ac,
audio_47a42ea9,
audio_b8265e68,
audio_d3239640,
audio_50ee4ebb,
audio_57bc07cd,
audio_5912df50,
audio_8ee45240,
audio_64e291c4,
audio_3fe226ee,
audio_d12bf639,
audio_f7b09226,
audio_299ed680,
audio_bdd8be73,
audio_71212c8c,
audio_662f2538,
audio_faaf914a,
audio_006df079,
audio_bd98bdae,
audio_09c68246,
audio_f1dbf955,
audio_e92e7c3c,
audio_abb795fc,
audio_5cf9c6ca,
audio_c0672d4c,
audio_14421d14,
audio_613aa705,
audio_0e9f1740,
audio_6fc46ac9,
audio_721d9906,
audio_f01f341d,
audio_63157bac,
audio_e464b74a,
audio_ff0d9f8d,
audio_761022ee,
audio_6b28cde5,
audio_82e55f84,
audio_d790f760,
audio_649cd1a6,
audio_38559eef,
audio_c62bf3a9,
audio_31394950,
audio_d14a3728,
audio_e6a3475b,
audio_25467fda,
audio_ced3d1d4,
audio_876156df,
audio_cc9aac21,
audio_f5d9930c,
audio_ce1814e8,
audio_7b8d7e85,
audio_d5571873,
audio_a454f250,
audio_ce218eed,
audio_b3bb1c19,
audio_211a76e9,
audio_d152a956,
audio_7429475c,
audio_fb8ada4f,
audio_fce239f8,
audio_504de99e,
audio_c24984c8,
audio_b28b912f,
audio_e420c91d,
audio_4d091516,
audio_d12a6de8,
audio_8acbb064,
audio_113fb3ea,
audio_59ca1223,
audio_efbb77b3,
audio_d96ff6f0,
audio_ea90779b,
audio_67851450,
audio_6590071b,
audio_ff84caea,
audio_87740310,
audio_0134a8a8,
audio_c74bdf0a,
audio_0dce7ccf,
audio_9e36b990,
audio_f2696dad,
audio_2e7b27ec,
audio_2d00cad7,
audio_e4d4bb55,
audio_7ca0f950,
audio_d45925f6,
audio_5732725e,
audio_f2e68ebd,
audio_2a9e64b2,
audio_ef670f34,
audio_4d6af881,
audio_271113a7,
audio_c1957060,
audio_49a7415a,
audio_84642963,
audio_ffc55e4f,
audio_95343fed,
audio_cfe9c9e1,
audio_c5ed2d87,
audio_4cf0da54,
audio_fc369713,
audio_007cd738,
audio_81f95a69,
audio_968ea2ef,
audio_ba89851a,
audio_44f55f39,
audio_f2b7afd0,
audio_e292596f,
audio_4ebb4c84,
audio_598e83d1,
audio_2386900b,
audio_4ce91150,
audio_4b77dab2,
audio_98febf62,
audio_232226e0,
audio_7ef6b98d,
audio_1e4d50e9,
audio_26fcfb9f,
audio_049fc4d2,
audio_23a858d3,
audio_6a0287e0,
audio_7d2187dc,
audio_e49c7297,
audio_b78d94a3,
audio_65e7ea50,
audio_2c5ad1df,
audio_e694b991,
audio_bf84308f,
audio_49e5381a,
audio_60ad4512,
audio_c0bfbb48,
audio_b896e529,
audio_b296ef58,
audio_4ce6eca4,
audio_ef8c3f4a,
audio_e15ce10f,
audio_f04c965d,
audio_2f4b31a9,
audio_e6e863b6,
audio_eb01d6b1,
audio_800f4508,
audio_1dc7ba3e,
audio_985f5dbd,
audio_6bc1bef1,
audio_a3980929,
audio_c1d416fd,
audio_bc1232a1,
audio_2217cfa7,
audio_ce0d5c0c,
audio_d49a4456,
audio_46b79dbc,
audio_caeec73f,
audio_15904067,
audio_4ff54bce,
audio_1379d23e,
audio_c0d54888,
audio_3358b3b0,
audio_10de6528,
audio_11989086,
audio_6af11edf,
audio_e57c46d6,
audio_9f4ecc25,
audio_59f7b8d4,
audio_c4c88ec4,
audio_5ad773a9,
audio_eb9d8ff9,
audio_57a830e3,
audio_868ae5f4,
audio_bee84147,
audio_2f9bbb22,
audio_38dc5976,
audio_4b43412a,
audio_15471c08,
audio_7b8361ba,
audio_f0df43ed,
audio_02c3ba98,
audio_c7005f5b,
audio_d697a8f1,
audio_70c89625,
audio_2eeb397f,
audio_5b8566ef,
audio_1881430b,
audio_abb4dc46,
audio_e7098215,
audio_db1f7c2d,
audio_a6cdc206,
audio_7f11b9f3,
audio_2b34edd6,
audio_b78109b4,
audio_bbb6a984,
audio_cd09a68d,
audio_680006b4,
audio_4355dd3e,
audio_facd25f3,
audio_9e2b861a,
audio_09e5c095,
audio_7f798c78,
audio_e21e0bbd,
audio_5bb49cfe,
audio_6610bc8f,
audio_cf229ddd,
audio_d8c552b5,
audio_842a8f9a,
audio_1e27f13a,
audio_f1f48d22,
audio_a6a591f4,
audio_cb3e47e8,
audio_433b4d80,
audio_de6b1dbe,
audio_0b998c07,
audio_70db998b,
audio_4a23dc51,
audio_c5a7af97,
audio_3370740f,
audio_f76bc3b4,
audio_9f0eab3e,
audio_4645217d,
audio_44c276cd,
audio_1cdcd3f2,
audio_f7ff550e,
audio_5358f202,
audio_25dc4a1b,
audio_13fca399,
audio_09cc2afe,
audio_491315b3,
audio_066901bd,
audio_58316cc6,
audio_58f9d9bb,
audio_f0196755,
audio_14af85b2,
audio_0013f6be,
audio_bb28dea1,
audio_b352b122,
audio_44c4cc91,
audio_3e5619c5,
audio_31f86c7d,
audio_4f2391f6,
audio_cd3b8a76,
audio_9343dc90,
audio_3fc6e239,
audio_7936dba2,
audio_1c37e8d5,
audio_55f81b91,
audio_eeb69ef5,
audio_bb4a4c0b,
audio_e222c50d,
audio_d37cbb03,
audio_a0046a87,
audio_eb43b07f,
audio_099d858e,
audio_36bea098,
audio_0eba25a9,
audio_9d8d19c6,
audio_f8081420,
audio_b534ef56,
audio_e5189ae0,
audio_997a3f54,
audio_652329c0,
audio_ae046d8e,
audio_221b0174,
audio_48195f6f,
audio_775e7190,
audio_c3c0e9dc,
audio_ce2f4e96,
audio_22d853e2,
audio_7239ab55,
audio_6cb2e39c,
audio_a9c1d20c,
audio_1b903d46,
audio_976bd574,
audio_05944220,
audio_7cc5d9eb,
audio_0ae073d8,
audio_d7afd3af,
audio_f20976dd,
audio_077d6a95,
audio_65ea2f73,
audio_e75bc78d,
audio_2857eb08,
audio_b3042258,
audio_0c2422bc,
audio_12ad385a,
audio_17f213c6,
audio_1a10b87a,
audio_f96bee23,
audio_46f155ad,
audio_4810e859,
audio_46fe0bed,
audio_6a79e4f6,
audio_54e2aefb,
audio_9fb160c4,
audio_2efea92b,
audio_06857c60,
audio_07e9045b,
audio_66064732,
audio_b8ad4eae,
audio_fe745a9d,
audio_b5f9a412,
audio_bfbcf63a,
audio_663ab57c,
audio_9ba0f4a0,
audio_3abc79a6,
audio_19e983cf,
audio_ed93bad7,
audio_165ca662,
audio_0c5765cc,
audio_dcf65d18,
audio_330f42e2,
audio_bd308754,
audio_d7763730,
audio_f5808aad,
audio_feabcd4e,
audio_022ded63,
audio_5af69c71,
audio_ca7dde94,
audio_2d934644,
audio_8d828ac5,
audio_e33f364b,
audio_0a25f4b5,
audio_12e04339,
audio_3e36ba4b,
audio_df1cec54,
audio_b51cbefa,
audio_adeafa46,
audio_c9b02a81,
audio_c40f5d23,
audio_dfa6892d,
audio_8caa9e33,
audio_69159598,
audio_371904ea,
audio_34a8140c,
audio_8e7c8d57,
audio_8fbb6428,
audio_f337dda7,
audio_226d4d7a,
audio_31d62f90,
audio_c0c8ba17,
audio_56f0ada0,
audio_40000cf6,
audio_2e38b6fb,
audio_a72ab253,
audio_c660e861,
audio_88050058,
audio_b8d82eb2,
audio_c215db6e,
audio_5c4b8f12,
audio_6236fb9d,
audio_75ec5bc2,
audio_250c887a,
audio_d64d000b,
audio_815567bf,
audio_2cae0ab4,
audio_d1a76e2b,
audio_85b76938,
audio_7860b314,
audio_b1865196,
audio_c50edd22,
audio_e60e59d2,
audio_9e824d41,
audio_242e0d08,
audio_d6d8599b,
audio_92f450f4,
audio_c5aaa346,
audio_ef9cbbfd,
audio_2826da44,
audio_e3c7537c,
audio_76f246ba,
audio_05bba8ee,
audio_dbdd8925,
audio_e2453aef,
audio_c9e7d70f,
audio_2b8e2f96,
audio_246ea329,
audio_4c5c0931,
audio_6a2c0cdf,
audio_81ca6ea1,
audio_03eebca6,
audio_230ffa65,
audio_3f8d4c64,
audio_2cd0e6ac,
audio_be0d2533,
audio_dce5a6ed,
audio_ddbcabe1,
audio_a1de8393,
audio_96c53b99,
audio_825176bb,
audio_73e1e123,
audio_e16482fc,
audio_2836e883,
audio_2267afa1,
audio_a5e52127,
audio_57d19756,
audio_8d05c2f9,
audio_42aec7db,
audio_cf974342,
audio_1c449a97,
audio_aa82108a,
audio_c0f2cef7,
audio_08005645,
audio_b0b2e94a,
audio_d3f9dd1b,
audio_81b1d909,
audio_11d4cd4e,
audio_4abec91e,
audio_88918c63,
audio_e35545d0,
audio_4335a3bf,
audio_3a5e2af5,
audio_19b6e766,
audio_e776fb41,
audio_14df1cc4,
audio_8799f622,
audio_712ec98f,
audio_be7fe9b2,
audio_bd96c317,
audio_694ed812,
audio_e987e28b,
audio_9bda51a7,
audio_671c84b0,
audio_47c57a1f,
audio_11a5f0d0,
audio_ce8281f6,
audio_787f1c85,
audio_c926c94b,
audio_daaca662,
audio_9c5d7b55,
audio_edcbe775,
audio_513df5f3,
audio_fe3bf8ac,
audio_a8ab7164,
audio_2da27678,
audio_a516f140,
audio_a8138575,
audio_1b4a44e3,
audio_6acfe338,
audio_ba9c7ba9,
audio_27670dfd,
audio_e577b24a,
audio_76b420f9,
audio_2e104844,
audio_a299a3c8,
audio_ee9034a2,
audio_20c2b9f1,
audio_20c47a48,
audio_658acef7,
audio_e969b778,
audio_9989b9b7,
audio_3d14a328,
audio_35da84df,
audio_c5ad1336,
audio_123a8689,
audio_1f76fd15,
audio_c5bb0663,
audio_cdafaa0c,
audio_bc817479,
audio_7629882f,
audio_e1843d09,
audio_bc5c8a93,
audio_108a9628,
audio_57d018d1,
audio_ffc54ff9,
audio_c1b11eb3,
audio_ccd11414,
audio_8bc1300e,
audio_38e78b2b,
audio_2bc5b5f6,
audio_d1e4e6db,
audio_bc6942fd,
audio_b99c89e6,
audio_94d6d28e,
audio_ae51362b,
audio_0112a947,
audio_e522a629,
audio_a4321710,
audio_8a8176d9,
audio_6e4cd4e3,
audio_0491ffbe,
audio_74c70188,
audio_f4fc8c23,
audio_8a3469c6,
audio_476a340e,
audio_f33ba565,
audio_b20f580f,
audio_a20631e1,
audio_6f1459a6,
audio_43ed7522,
audio_dbf3aa0b,
audio_dad209f4,
audio_8baa90e9,
audio_886a03cb,
audio_4ab410c2,
audio_1a7a5804,
audio_c403892a,
audio_16ac5126,
audio_62f0a203,
audio_724e4b0e,
audio_0a73da12,
audio_24307189,
audio_44d2d80a,
audio_0972e3fa,
audio_9b57e000,
audio_85e74f4f,
audio_4fa9831c,
audio_982cad61,
audio_6ddd65b1,
audio_d4960ac6,
audio_c15ae282,
audio_f77525c9,
audio_5fcc89d7,
audio_8bec020b,
audio_e5039ff6,
audio_5091da04,
audio_abe33d86,
audio_af999bdc,
audio_c9b64aa9,
audio_953e376b,
audio_d2f9d10e,
audio_1e3d1c49,
audio_1c543313,
audio_a8df3472,
audio_33970f8a,
audio_9f962357,
audio_fa989759,
audio_2d7a9215,
audio_b2244d09,
audio_db4cdef8,
audio_fbd349a1,
audio_0e40dfa6,
audio_9dea2970,
audio_f8928e55,
audio_18795847,
audio_938ff6e8,
audio_1868d1fd,
audio_3fe77543,
audio_8690e9bb,
audio_b498d14c,
audio_0116fba5,
audio_1adc5fc0,
audio_3d6a25e4,
audio_95003bb1,
audio_dbc5583e,
audio_bc5a47aa,
audio_0c574868,
audio_b662b0bb,
audio_78647270,
audio_9b721a7e,
audio_93632a8f,
audio_2891849d,
audio_77ae0790,
audio_f2ae4602,
audio_0fe9b458,
audio_ff5cc666,
audio_dfb047a1,
audio_63090d9d,
audio_310c8af7,
audio_4cded6bd,
audio_541af631,
audio_2556ad5f,
audio_2728026e,
audio_dc70c7b6,
audio_40d9befc,
audio_1f4fc12c,
audio_d6bd80ae,
audio_255fc0fa,
audio_cb77476d,
audio_1f0f203e,
audio_f686d080,
audio_e2fb061a,
audio_11d66c9e,
audio_83bad3ec,
audio_4c7eef7e,
audio_d6222f78,
audio_c742d131,
audio_6f4442c8,
audio_81c2cdbd,
audio_fddbc406,
audio_f6488e94,
audio_dcf63749,
audio_fc7cc7c7,
audio_7ffbb8be,
audio_156d859d,
audio_378345cf,
audio_6eddf3ac,
audio_de5ba5ce,
audio_7b7fd1ae,
audio_ac7038e3,
audio_fda87b05,
audio_e9a0bb5c,
audio_bd729610,
audio_c7ec5ffe,
audio_89087d08,
audio_9da3db4d,
audio_fd5d99dc,
audio_3e299f2c,
audio_32434bc2,
audio_40c30c1a,
audio_c3f9e2ec,
audio_3a7cfbf6,
audio_1df173fa,
audio_5986b174,
audio_7bb92fb5,
audio_2d06611c,
audio_ea2a88f6,
audio_c17c1955,
audio_f0d6aaaa,
audio_0e7ec803,
audio_afb05a88,
audio_63db5c91,
audio_e77d2abd,
audio_40965e6f,
audio_a9766b63,
audio_64ae8dc5,
audio_bbd3ae42,
audio_205fbafb,
audio_4508f43a,
audio_caa33ed3,
audio_80cc237a,
audio_9d628323,
audio_4ed31a48,
audio_3adf4e39,
audio_aa444b62,
audio_9406260b,
audio_268bb487,
audio_f5124a04,
audio_c84fb0ca,
audio_2e0b4b48,
audio_679c0e80,
audio_6fe1c8c0,
audio_1ff8b988,
audio_d891fc28,
audio_9d92cfc4,
audio_b9393c47,
audio_be3d5831,
audio_eeaf4277,
audio_2a1db5ab,
audio_a4ae32b9,
audio_580feb07,
audio_51b42d7a,
audio_371fc801,
audio_13acb7c2,
audio_060e1c4d,
audio_c543a30a,
audio_f106be71,
audio_d61fadc4,
audio_2aa20b49,
audio_174ed339,
audio_033770de,
audio_6055f07b,
audio_1473bc11,
audio_fcc06173,
audio_6982b591,
audio_ede12fe1,
audio_ce28468a,
audio_04c04846,
audio_20ea13ec,
audio_9521e67a,
audio_618f6826,
audio_0346294f,
audio_0fe363f4,
audio_94d91231,
audio_1c4703a8,
audio_455d67ac,
audio_e562bb82,
audio_d3226daf,
audio_43f19e12,
audio_43e0ef11,
audio_bad11a8d,
audio_f9dbeb95,
audio_b538d4eb,
audio_cb11701b,
audio_468f7d16,
audio_bb1a09e3,
audio_7a0895bb,
audio_ab0c3269,
audio_d57a5258,
audio_702ddaba,
audio_7ed3b61e,
audio_d65a2486,
audio_d081d939,
audio_27301e61,
audio_fb33a95e,
audio_fdea9e1a,
audio_35724e63,
audio_5f0aec48,
audio_0b77b1f6,
audio_e4ddc75d,
audio_258682ff,
audio_58ca20d8,
audio_4de48501,
audio_23ee5ad5,
audio_06efe760,
audio_43b73d55,
audio_81de9b4d,
audio_ed8b6649,
audio_f12a70cf,
audio_9cfc8968,
audio_89bdadba,
audio_13d918c9,
audio_f60c15f8,
audio_bdb9d2f0,
audio_2ff34b5f,
audio_ad73af3e,
audio_d15e54cb,
audio_8a4288db,
audio_0a2d4d30,
audio_9ee92bf5,
audio_937fb3f7,
audio_ddefe138,
audio_c66d7e1a,
audio_c210825c,
audio_d6347527,
audio_7c496a76,
audio_6cfcbbb4,
audio_ec6f3889,
audio_20573b40,
audio_cb81f5aa,
audio_cd6dcfda,
audio_6541ff90,
audio_2a0401f0,
audio_14476770,
audio_d3bc30bc,
audio_e0d2418f,
audio_e7263109,
audio_47ccb1fb,
audio_9c8cf65f,
audio_4abd0d19,
audio_dddefa77,
audio_8d53e884,
audio_446e50f7,
audio_a19fbd45,
audio_9252d2ff,
audio_52e404b3,
audio_09c5fec1,
audio_7d050d54,
audio_28e65bc4,
audio_d244eb73,
audio_de0ec3fc,
audio_364263a5,
audio_25f1d868,
audio_36444b82,
audio_173c97c8,
audio_f1dcaa01,
audio_88148ff5,
audio_af3de7bd,
audio_26f05798,
audio_12dbf1e8,
audio_57434128,
audio_12e37960,
audio_7e9c7d58,
audio_43688261,
audio_1633c3d6,
audio_b80c2f1a,
audio_529098d9,
audio_8265b92f,
audio_e8e11d5b,
audio_c9d59147,
audio_479d6dfb,
audio_3c96225b,
audio_2d3bcd13,
audio_1491c97f,
audio_71a13eb1,
audio_f817f7e9,
audio_fb18dfc2,
audio_3869e02d,
audio_fb882c13,
audio_99f5809f,
audio_873ddb1e,
audio_045fec18,
audio_3b114f81,
audio_b9504d85,
audio_48df20ab,
audio_326b783a,
audio_44ef559d,
audio_5d105e13,
audio_9cca6f2b,
audio_9a990bc5,
audio_f5a5b73c,
audio_70ba53d6,
audio_a178b5c3,
audio_9f9a22e5,
audio_c8f26fab,
audio_9626f315,
audio_0a65b17e,
audio_03441204,
audio_a405e54a,
audio_eeea7aad,
audio_c6a38690,
audio_1634b34b,
audio_e5f72f63,
audio_1dab06a9,
audio_04a38a7e,
audio_d4190aa1,
audio_c822cd14,
audio_75aca335,
audio_7a1a4f02,
audio_a85fdee9,
audio_2e97d422,
audio_3124c1a6,
audio_2a646df1,
audio_8a690ab0,
audio_16dc9839,
audio_1804cb15,
audio_556de3b4,
audio_5956dd15,
audio_a66fffdb,
audio_3aa9a05a,
audio_1573634d,
audio_d6382c8a,
audio_2c0b3ab3,
audio_89a28b9e,
audio_0fe87a82,
audio_c31e03b1,
audio_df93f386,
audio_c04df025,
audio_b1ce3bf7,
audio_9d78d5f7,
audio_85fc43a3,
audio_3bb10c40,
audio_445668d5,
audio_ec73f9c2,
audio_862c8dc4,
audio_c2d5ab50,
audio_4b1e40bd,
audio_de0456a1,
audio_af69ef10,
audio_80e227ef,
audio_388bc522,
audio_c9237f04,
audio_cc051ded,
audio_200beb65,
audio_4fe7cb80,
audio_040c5a01,
audio_1c30307d,
audio_92eab0c5,
audio_ebbea3c2,
audio_26555747,
audio_e86423bc,
audio_d8d250f1,
audio_66855cff,
audio_94b7b740,
audio_56bac604,
audio_de488c37,
audio_4e0e980f,
audio_a1a28097,
audio_3d81eea7,
audio_0f6fbc02,
audio_82181846,
audio_8642a979,
audio_38db0586,
audio_70c5bd23,
audio_fcf871b2,
audio_be53d3de,
audio_e2acaa09,
audio_200d8082,
audio_a2a07aa2,
audio_3b7e5225,
audio_91eeae15,
audio_c20373b2,
audio_b6befcd1,
audio_c9b0894b,
audio_efe3ab82,
audio_d01c587f,
audio_84389ee5,
audio_c2c69e82,
audio_777b2cd2,
audio_d16092e6,
audio_055f0946,
audio_61a2e4da,
audio_fca7eb54,
audio_0f4ea76a,
audio_2b39fa74,
audio_79e63e72,
audio_1e5edf29,
audio_323c4356,
audio_7c61865a,
audio_c303f98c,
audio_646a8dcf,
audio_9793a0c5,
audio_71ae3fbf,
audio_7f2c1277,
audio_db745ece,
audio_14afa934,
audio_80777f34,
audio_92d8c955,
audio_6d81ee9c,
audio_d5443110,
audio_5fe67873,
audio_4e6f7b7e,
audio_2fe5c62c,
audio_a8117686,
audio_40e6cc8c,
audio_64c0c9d1,
audio_0a4d95e0,
audio_c893608f,
audio_426582cf,
audio_192e24cd,
audio_55bce591,
audio_9cff6f35,
audio_235b4296,
audio_d684f6c7,
audio_69a21b81,
audio_5ed25809,
audio_a0654156,
audio_920997ea,
audio_42cb90b5,
audio_46770798,
audio_c4649b7a,
audio_4d535c93,
audio_a8e15092,
audio_43e882f0,
audio_0d28416b,
audio_ee649878,
audio_3eb42622,
audio_5b12aab3,
audio_fd94d51c,
audio_a6bd1bea,
audio_2bbe8478,
audio_7e7283eb,
audio_7e5747af,
audio_57f2cf05,
audio_2a51e568,
audio_d8b4f2d1,
audio_8b40ba06,
audio_ecd40e6f,
audio_baa3f624,
audio_3aa5396b,
audio_b4cc60a1,
audio_8c667d6d,
audio_54189b92,
audio_1c65b4dd,
audio_10a6d4d4,
audio_c92cf542,
audio_ae86c69c,
audio_92425ff4,
audio_5a403f20,
audio_149b3382,
audio_2c951e2c,
audio_447eaddf,
audio_e1957b9e,
audio_105d25a5,
audio_d170a816,
audio_1547b0f2,
audio_afa4bf01,
audio_654a56bf,
audio_27df0a54,
audio_d85d07ca,
audio_c87a31f1,
audio_d299eba9,
audio_7f76f61c,
audio_3d2b5638,
audio_1f64205a,
audio_3223a65f,
audio_5370b14f,
audio_878b6478,
audio_4039cae5,
audio_9ba2e88c,
audio_a2fd3006,
audio_cdea36a9,
audio_6f5583b5,
audio_cc438374,
audio_89afbca7,
audio_64b3dd6f,
audio_31a9b1c5,
audio_960bc1cd,
audio_19ef9cc5,
audio_078afcac,
audio_d7a4ec7a,
audio_b6bf6762,
audio_039e01ba,
audio_a283709b,
audio_18a46819,
audio_fd5e6c2c,
audio_0b4e961b,
audio_fdff5e28,
audio_1566496c,
audio_48d96eb4,
audio_92ec7cc6,
audio_b360acdb,
audio_82e18055,
audio_09b45f90,
audio_f69d8878,
audio_06f14e73,
audio_77a682d4,
audio_7e201097,
audio_b22343f1,
audio_db8923ad,
audio_54cbbbab,
audio_aac2b1bd,
audio_3ef189fa,
audio_27adbe3f,
audio_f1772918,
audio_cab45330,
audio_bca77603,
audio_20357e5a,
audio_917e5d89,
audio_f23d247a,
audio_cc4fd059,
audio_5b2aa80b,
audio_bcba11e8,
audio_16d656e7,
audio_429610e0,
audio_2c116220,
audio_13c967a1,
audio_a6785d7f,
audio_c933640f,
audio_398c48e3,
audio_b0be253e,
audio_05929267,
audio_47161528,
audio_381b219e,
audio_f92bea87,
audio_bef94fc1,
audio_a3c9ca17,
audio_f5f27ae5,
audio_e3289e03,
audio_f1791ec2,
audio_63d302bf,
audio_d441e77b,
audio_f6374cf8,
audio_4680c28b,
audio_5aaa1dab,
audio_2cd1b8bd,
audio_692d275a,
audio_5e1022ab,
audio_e8fee47e,
audio_9037d15b,
audio_cb7dbc2c,
audio_5389071e,
audio_54231cc6,
audio_c39e6d6f,
audio_258f1f40,
audio_31ba5b84,
audio_5ad68fd2,
audio_4bbc842a,
audio_e81c8c58,
audio_9435d0d1,
audio_fd9a0c1d,
audio_ebdaacb2,
audio_e1dca84c,
audio_1d9e71eb,
audio_6dbe488a,
audio_7891c034,
audio_8ac42be8,
audio_1a9cee5e,
audio_6f252d80,
audio_c534e940,
audio_df80dcac,
audio_ddf5f363,
audio_93a11235,
audio_131e50aa,
audio_7c8678a5,
audio_8f8adb48,
audio_cc867e66,
audio_871d7d29,
audio_eb265cdd,
audio_82dac06b,
audio_a6ce653e,
audio_361b2bc8,
audio_f7b4d718,
audio_ec7ea161,
audio_23fa08de,
audio_716344ec,
audio_42b76666,
audio_6cf16d9c,
audio_5c929d71,
audio_e3c5f8c6,
audio_398b71b4,
audio_a50ea855,
audio_47b8d2d9,
audio_f168f394,
audio_5d669ba9,
audio_484e1e20,
audio_1381303a,
audio_965586eb,
audio_1966f5aa,
audio_68a02ef9,
audio_2312131c,
audio_0a0f9147,
audio_2109a8e0,
audio_4a8228e8,
audio_c56539f5,
audio_8c825675,
audio_e0d5ffdd,
audio_2f578b25,
audio_25d68db7,
audio_bc11baee,
audio_e43a732d,
audio_a61cd336,
audio_af3972c2,
audio_9cb9e8f7,
audio_62e57054,
audio_6c9d698e,
audio_05ea8e6d,
audio_bf96ce3e,
audio_bd0b336c,
audio_5e1ffd58,
audio_431dc7c8,
audio_7558f81f,
audio_d04c5432,
audio_9e90af8e,
audio_a05c31be,
audio_111895f6,
audio_4b3c02e8,
audio_95a969bf,
audio_4f73df99,
audio_ff0698e2,
audio_49941167,
audio_0e845e9c,
audio_0358e0a0,
audio_8daf0b05,
audio_3b85a94c,
audio_a25c8f74,
audio_89e5d0e6,
audio_c8d2ba23,
audio_9cb26a21,
audio_4c2ed1e0,
audio_4ff4df98,
audio_5f58f185,
audio_bf781c77,
audio_95f3ca74,
audio_147154f0,
audio_d0348925,
audio_afa68522,
audio_7196938a,
audio_53a02a80,
audio_ff66d81b,
audio_140e0530,
audio_4454a6a5,
audio_864ae956,
audio_1bd24cfa,
audio_8d4e8259,
audio_ec7364d8,
audio_6af6bcfb,
audio_aeb08cc9,
audio_d89bf333,
audio_91581997,
audio_8189c17e,
audio_c422d759,
audio_dbd43d75,
audio_f0094773,
audio_0332f848,
audio_54bea973,
audio_0be4205c,
audio_2d4ac6f0,
audio_492750c7,
audio_0a07f530,
audio_827c3fbf,
audio_597475f7,
audio_398ec784,
audio_505fea75,
audio_c0fb61f4,
audio_e82af4ba,
audio_1c0d3649,
audio_9cc2e851,
audio_5930359d,
audio_88b050c5,
audio_6e9acf74,
audio_3783885e,
audio_b2dd95a9,
audio_c25c44a1,
audio_d7378a02,
audio_3881b7dd,
audio_ab5d7180,
audio_433895d4,
audio_77e91095,
audio_4008107f,
audio_b2431409,
audio_07b7291b,
audio_b98c988a,
audio_0086f2d7,
audio_f986628e,
audio_b33a8613,
audio_3206c0ac,
audio_259f8032,
audio_c902c973,
audio_77269750,
audio_03c610d0,
audio_d1182136,
audio_bc8651b2,
audio_19cfbc82,
audio_e5662451,
audio_e0561af0,
audio_0a90a10d,
audio_d67fe9a4,
audio_2ef3d569,
audio_0c345e92,
audio_6c994bff,
audio_07c00678,
audio_cce4b69c,
audio_2fae382c,
audio_2971c42b,
audio_172a47bc,
audio_3eb957b7,
audio_79033178,
audio_1d2dccc2,
audio_0d2b08bb,
audio_f076f1a2,
audio_21d6bba9,
audio_0bbb9b51,
audio_b14d5fdd,
audio_0eaa71a6,
audio_09097324,
audio_98d06322,
audio_f7972c71,
audio_f5eec604,
audio_ca2f08ad,
audio_a7733198,
audio_0adf0127,
audio_fb1a894d,
audio_fb69e790,
audio_7e647460,
audio_41d1eef4,
audio_aa560edd,
audio_4e46deb3,
audio_c99cb9e9,
audio_e3644e81,
audio_72bd0793,
audio_a832010b,
audio_a683f72f,
audio_fb7c6edb,
audio_1c023dee,
audio_46d813ce,
audio_a7541765,
audio_cefd2dd8,
audio_052917d1,
audio_0b194f5a,
audio_2e02396c,
audio_bd8a9adf,
audio_c6a91836,
audio_5675b476,
audio_2c3367f1,
audio_0f364edd,
audio_ca0e9439,
audio_b6fc5f17,
audio_7236ac04,
audio_87891cf3,
audio_fce700bc,
audio_803976cb,
audio_dcbaa415,
audio_af1d1dfe,
audio_a622f289,
audio_85f11089,
audio_6a1168f4,
audio_6d539995,
audio_52183cab,
audio_cbefd852,
audio_55c986c8,
audio_da9cabc7,
audio_912b9ac3,
audio_ffca56bb,
audio_64311083,
audio_076100b7,
audio_d3549770,
audio_a1aefc95,
audio_aa175925,
audio_b793d96d,
audio_5535d91f,
audio_24e68882,
audio_24a8c52d,
audio_f545caa9,
audio_36f46c23,
audio_bb6c4dbc,
audio_f002806c,
audio_4db86e4f,
audio_8cf82c2d,
audio_59c488a9,
audio_64350118,
audio_16990df5,
audio_467b0bb5,
audio_f954a41c,
audio_c0453a6e,
audio_cd3e042a,
audio_950a820e,
audio_6194ad79,
audio_4f56fa08,
audio_ff4da7ab,
audio_53e55d8c,
audio_2a0e5e20,
audio_7d872e9c,
audio_3bad76b3,
audio_3dad4667,
audio_c26ee0b8,
audio_716d8551,
audio_85ecc31c,
audio_3d657cf0,
audio_b0e9c9af,
audio_9d9742f1,
audio_9169ab60,
audio_667426cb,
audio_7f191d7b,
audio_4ff4b75e,
audio_d64f04f9,
audio_c9e0d5de,
audio_ad09767c,
audio_543f1eca,
audio_e912ed7c,
audio_53f4fc69,
audio_59e89792,
audio_998167a5,
audio_b47dd732,
audio_9e94e23c,
audio_3d8a803b,
audio_f2423a52,
audio_5c32a17c,
audio_8a88980c,
audio_c8918b81,
audio_39959849,
audio_b1e73262,
audio_ccca70ac,
audio_d51be8c4,
audio_9c12c407,
audio_289ca507,
audio_48499690,
audio_b2eb5e9a,
audio_22a4619c,
audio_85b9299d,
audio_a04861ed,
audio_e7e8fae3,
audio_cf4169b7,
audio_88541685,
audio_374d9b7b,
audio_384d2be6,
audio_38ea0dd9,
audio_16cc6c90,
audio_9fabf8d4,
audio_4cc52711,
audio_610b4fab,
audio_628a4064,
audio_e841f2aa,
audio_9fbce18f,
audio_236a9c56,
audio_523b2829,
audio_18a60080,
audio_80edab17,
audio_3c6e054c,
audio_938e1dee,
audio_c1d98f36,
audio_3be7cdf3,
audio_68d60a32,
audio_53a2d989,
audio_ef83fdb9,
audio_74d03397,
audio_85f755ef,
audio_5072b39c,
audio_93954eb2,
audio_1e34b4d9,
audio_65d6800a,
audio_1eeb2404,
audio_09c216bd,
audio_35a7436e,
audio_f124530f,
audio_69c4b9e5,
audio_98efd54e,
audio_ee96093d,
audio_40d29c74,
audio_594996c9,
audio_91f2b3fa,
audio_99574256,
audio_cf4f056b,
audio_c61d23c2,
audio_c2f722d6,
audio_07883d3d,
audio_c30a3a80,
audio_515e31a2,
audio_bb9b1cf2,
audio_d936902f,
audio_3bb16dea,
audio_5302847c,
audio_44aeb7ba,
audio_9860fe8d,
audio_0eaa36d4,
audio_fd9110d6,
audio_bf739ec8,
audio_cfa20632,
audio_7fca7633,
audio_d762f512,
audio_22ccaba1,
audio_8d5be33c,
audio_0ef7b2d6,
audio_33796cb8,
audio_3a04eea5,
audio_bfa5bf08,
audio_0e4075c4,
audio_67eeb0d3,
audio_56cc3be0,
audio_4411e037,
audio_d6ee78dd,
audio_c013f82e,
audio_83fa16da,
audio_0f23e4fd,
audio_704395cc,
audio_206b51f8,
audio_f5d67a38,
audio_3a24e541,
audio_b8318ca6,
audio_8196b249,
audio_a5346f0d,
audio_0d5cb082,
audio_c580a60a,
audio_bce9f948,
audio_037b0982,
audio_50db88c8,
audio_c5546f4d,
audio_ca96fe93,
audio_6ede0e7b,
audio_ee7b018b,
audio_4acbab20,
audio_a889898f,
audio_eaa68099,
audio_a0a2995b,
audio_8cfecdf1,
audio_9a8fce80,
audio_59e6d8cc,
audio_afcc3a0d,
audio_04c1bebc,
audio_1e16f8be,
audio_28667c2a,
audio_f0424dc1,
audio_59ddf056,
audio_d0dce0da,
audio_09b30563,
audio_39f5a40d,
audio_6829ad3a,
audio_88f4c820,
audio_e034961a,
audio_7a668db3,
audio_eae97a7f,
audio_faf7dd29,
audio_5666d3e2,
audio_d98dc163,
audio_879ef926,
audio_509fd0c9,
audio_f7601202,
audio_2efd9464,
audio_5212e9d6,
audio_e6e02025,
audio_d727f637,
audio_d4e47a98,
audio_761eaf20,
audio_ab135cc3,
audio_5393859e,
audio_429f03bc,
audio_5c0d3d8f,
audio_9c71f8c8,
audio_107d2628,
audio_7279b0a1,
audio_d275d477,
audio_a037375b,
audio_39211518,
audio_c00bff8e,
audio_b292697a,
audio_12ed22a6,
audio_47c04fe8,
audio_654b6efc,
audio_c909249f,
audio_1880b649,
audio_97820820,
audio_c6f550b7,
audio_9f6e7efb,
audio_fd0bdac5,
audio_4a18b25a,
audio_66bef798,
audio_36e26550,
audio_9fb554ae,
audio_b4f01397,
audio_8ba341c0,
audio_e3a0e9ff,
audio_4ed7829e,
audio_233138b9,
audio_adf34ca0,
audio_670226e0,
audio_d3b99060,
audio_b7f2958c,
audio_1dca5d68,
audio_d1ef7876,
audio_3a565182,
audio_faf4f3e1,
audio_12e7b119,
audio_ddca8cc2,
audio_80164d08,
audio_d6b8cbd3,
audio_484013a8,
audio_211f3d12,
audio_a448e3d1,
audio_8a30bb24,
audio_7b1f7cea,
audio_c4497c3c,
audio_c6c6496e,
audio_796fd9d0,
audio_51ab7022,
audio_3a44ed3c,
audio_a1ea2fa8,
audio_1ce77bce,
audio_190ca1ba,
audio_5bf71d3c,
audio_faad68b9,
audio_e8e0dc97,
audio_6f324399,
audio_f80c74a3,
audio_d735e7ac,
audio_f13a94d5,
audio_10960c9f,
audio_f0eda59d,
audio_7f2312b3,
audio_68dbdda5,
audio_e82ab808,
audio_4c88e09d,
audio_e5a8720a,
audio_10d5cfb2,
audio_ae652433,
audio_3e727474,
audio_9c561dc6,
audio_1efd9d54,
audio_38a6160f,
audio_9bee2bff,
audio_c228e7c0,
audio_3412fecf,
audio_158b658e,
audio_08096df6,
audio_62bf9373,
audio_ab631d75,
audio_ef07bfcb,
audio_ab42941d,
audio_21dde0f2,
audio_64190246,
audio_ac25bdb1,
audio_8e2e4e75,
audio_2399e2e7,
audio_0672991f,
audio_2e57c486,
audio_61cbe541,
audio_c5ebe564,
audio_d5485368,
audio_e482f196,
audio_18ae8668,
audio_6bd92890,
audio_f03a26f5,
audio_50ca926c,
audio_43a3b6ca,
audio_af9d30af,
audio_c4f7a18f,
audio_9d15b84e,
audio_c9767a30,
audio_75bac561,
audio_76e932b5,
audio_09887a18,
audio_d14e2d0d,
audio_658a04c0,
audio_3c4380d0,
audio_3c021800,
audio_9829351b,
audio_490303f7,
audio_9f4c98b1,
audio_6ce91b48,
audio_a89cdd18,
audio_06423827,
audio_b32717c4,
audio_113a7030,
audio_ded7ea0c,
audio_2170fb9f,
audio_40ec8170,
audio_69761f12,
audio_91c96bd2,
audio_23b7dd14,
audio_d5c0c172,
audio_67995808,
audio_ebad91e0,
audio_0501dc5e,
audio_7b358eec,
audio_6cfd1f11,
audio_a436633d,
audio_717656cd,
audio_c474bc7b,
audio_a9d5df00,
audio_54f845cb,
audio_0caebe67,
audio_2b9dafa2,
audio_e42c5f16,
audio_c8699c35,
audio_9f8d5bec,
audio_c9cf913e,
audio_2365ef62,
audio_b3edb3ce,
audio_1a9f7611,
audio_9712b754,
audio_4d0bd6d4,
audio_743bada0,
audio_9ca73f1d,
audio_578c9131,
audio_b623bf84,
audio_5f87c5d4,
audio_369f9436,
audio_25af328f,
audio_327aaf3f,
audio_a0b4dfa7,
audio_42d71cde,
audio_02a44eb8,
audio_116afeea,
audio_06b20173,
audio_68d36aa3,
audio_cab2ec55,
audio_bca3591a,
audio_e7d548e5,
audio_cf5f0ae7,
audio_f482f0e0,
audio_06254bdc,
audio_c28510d7,
audio_cd43717f,
audio_147e7c50,
audio_cb09c751,
audio_602aa31b,
audio_fb2df627,
audio_10f70d37,
audio_46fe5408,
audio_cd26465c,
audio_c04196cb,
audio_2c220318,
audio_f18cfc72,
audio_93cea907,
audio_dceb7be1,
audio_400ebf64,
audio_13f8a117,
audio_bde05ccb,
audio_5c35501e,
audio_e70026e1,
audio_ab124100,
audio_f6ba031b,
audio_27e9d94a,
audio_bbd9545e,
audio_f98a21dc,
audio_bb098d5d,
audio_acb6ffcf,
audio_766962b8,
audio_026215de,
audio_086ffd1e,
audio_ef0f752e,
audio_f4799105,
audio_637caa95,
audio_11c85cd3,
audio_963433bb,
audio_abf7ebf6,
audio_5507e2cd,
audio_dfc949b3,
audio_a7e4e19a,
audio_200b4c2c,
audio_2fdfd62b,
audio_31210833,
audio_7f7bbbc2,
audio_3107181f,
audio_6b85e81e,
audio_bbb6eb30,
audio_b706a64f,
audio_5d929ca6,
audio_6f79a27e,
audio_29f5202f,
audio_359c3848,
audio_ba4f3a97,
audio_199b6c61,
audio_6f520125,
audio_6d678ab6,
audio_14177d5f,
audio_e456a054,
audio_36d160fe,
audio_fe2c0e10,
audio_e2c08d14,
audio_f800a692,
audio_1d5391ab,
audio_91150d4e,
audio_1447b1cb,
audio_7b83d8e3,
audio_8a38fb06,
audio_b1cd2f62,
audio_2a841575,
audio_b64b4087,
audio_9440ab19,
audio_0fb34955,
audio_4a84f980,
audio_d1a94499,
audio_7f447f99,
audio_b7ee4ea0,
audio_2e5099b9,
audio_8ad8c11c,
audio_ac17b116,
audio_9c9dde68,
audio_a1d4508d,
audio_dd63b63c,
audio_d1d7320b,
audio_fdd47120,
audio_b12c8df9,
audio_7c720fb9,
audio_a9cc67a5,
audio_8f566e2a,
audio_33b1281c,
audio_4fa78d01,
audio_6dcf5390,
audio_7d84e1ec,
audio_f9c5c66e,
audio_0d2fec33,
audio_d98286c5,
audio_3f161c65,
audio_9763b6ec,
audio_c6802dde,
audio_805f6f87,
audio_f9972109,
audio_186b34c6,
audio_0a7c7807,
audio_64e0a5a7,
audio_17ac3596,
audio_c6c3c08d,
audio_339fe2a9,
audio_3b7be853,
audio_18984b3f,
audio_5545ec1f,
audio_49f4b6ea,
audio_2d32406e,
audio_abc286e2,
audio_96cf9b1c,
audio_c793143e,
audio_c0b48a8e,
audio_2a379087,
audio_207234e5,
audio_e4ce787c,
audio_82bd0e83,
audio_845ecd87,
audio_a38c3798,
audio_5224224a,
audio_0d1b36d6,
audio_ec559078,
audio_9a17bf2f,
audio_f36f0126,
audio_c188f15b,
audio_28f50535,
audio_e8ef2a17,
audio_1c699b3d,
audio_2c419c4e,
audio_c2be5e2c,
audio_61515f4e,
audio_224e7492,
audio_b859cc93,
audio_2b57d40e,
audio_ac390b09,
audio_d43e58cf,
audio_5c7069b6,
audio_6c39d830,
audio_8c9d9d51,
audio_42f6ee05,
audio_6bcf2c79,
audio_4f30c3d4,
audio_845627ba,
audio_25595ac7,
audio_7ca21b01,
audio_5c608b96,
audio_afd3eae8,
audio_a3399e68,
audio_63660124,
audio_25b9ab4e,
audio_92565841,
audio_2255fe0f,
audio_083b70e5,
audio_d8e4ce3b,
audio_7a3c484c,
audio_573f0a1c,
audio_f633dc47,
audio_adc1dcb4,
audio_8acebbc9,
audio_d36f6ee5,
audio_b63a25df,
audio_9842b195,
audio_26d67e1e,
audio_1a54a42e,
audio_45c961a1,
audio_693ea300,
audio_5f8595cc,
audio_4192b8c7,
audio_bb2e4bd4,
audio_c06323f6,
audio_1b2a1da3,
audio_b1595607,
audio_0a1e172c,
audio_4dbbe20d,
audio_84f05222,
audio_18c0ac82,
audio_0114687d,
audio_87efd4e3,
audio_71538b07,
audio_3612a2fd,
audio_f2837e5f,
audio_343061c0,
audio_fff237ff,
audio_c5816499,
audio_aafaaae2,
audio_bce241c9,
audio_34aa7e0f,
audio_a1519b42,
audio_3eef2b02,
audio_970ec7e1,
audio_605cd4a6,
audio_554327e9,
audio_32afe75f,
audio_c393de3c,
audio_1ab311ff,
audio_3f22b9a5,
audio_4a2c8b04,
audio_634e9057,
audio_c73e78d3,
audio_9f4357dc,
audio_1e1700d9,
audio_1da456df,
audio_8322dd1c,
audio_34b0db20,
audio_aedd4aa9,
audio_100b0194,
audio_497dcf15,
audio_c8aed4d2,
audio_f79fea13,
audio_99fe971c,
audio_5ab52661,
audio_d41bba5c,
audio_2ccd0d4a,
audio_1880fb89,
audio_6268914a,
audio_945f9acb,
audio_6089f58b,
audio_4adab3cf,
audio_67c9c5c6,
audio_b0256a68,
audio_50bdb997,
audio_7eab4143,
audio_ab4a9a47,
audio_84e9faa8,
audio_08c43651,
audio_862fa867,
audio_205f7d90,
audio_0259197f,
audio_1a62bec3,
audio_9835f6c1,
audio_53665fdd,
audio_e2b782ee,
audio_381a5fa2,
audio_7016a989,
audio_4b729a7d,
audio_b1e11b59,
audio_21b4716d,
audio_37e9a724,
audio_41440168,
audio_b488d5f4,
audio_b4323525,
audio_bad7ad3e,
audio_8fe0e72e,
audio_3c8a8ecd,
audio_26c17f8d,
audio_43dd7009,
audio_8e46630f,
audio_7baceafa,
audio_367b1f79,
audio_daf24b94,
audio_f200daa3,
audio_080df961,
audio_48c60c69,
audio_49535e78,
audio_8e681b7b,
audio_0cf2aaa1,
audio_fd7d5e0c,
audio_38ba6093,
audio_fefb7d8d,
audio_18cf3395,
audio_cb0eef8e,
audio_87f46b2d,
audio_0f102e89,
audio_9cbc95bb,
audio_e244f870,
audio_4dd0a61b,
audio_bdc72517,
audio_50ee5991,
audio_b9867662,
audio_a0739877,
audio_ae65cf8a,